Transaction_ID,Trans_Date,Department,Cost_Center,Budget_Revenue,Actual_Revenue,Budget_Expense,Actual_Expense,Region
TXN001,01-01-2025,Sales,CC1001,120000,115000,70000,68000,South
TXN002,01-01-2025,Marketing,CC1002,80000,85000,45000,52000,South
TXN003,01-01-2025,Operations,CC1003,95000,-90000,60000,62000,South
TXN004,01-01-2025,IT,CC1004,70000,72000,40000,39000,South
TXN005,01-02-2025,Sales,CC1001,125000,130000,72000,75000,South
TXN006,01-02-2025,Marketing,CC1002,82000,78000,46000,44000,South
TXN007,01-02-2025,Operations,CC1003,98000,102000,61000,68000,South
TXN008,01-02-2025,IT,CC1004,72000,70000,41000,43000,South
TXN009,01-03-2025,Sales,CC1001,130000,128000,75000,73000,South
TXN010,01-03-2025,Marketing,CC1002,85000,90000,48000,55000,South
TXN011,01-03-2025,Operations,CC1003,100000,97000,,64000,South
TXN012,01-03-2025,IT,CC1004,75000,76000,42000,41000,South
TXN013,01-04-2025,Sales,CC1001,135000,140000,78000,80000,South
TXN014,01-04-2025,Marketing,CC1002,88000,86000,50000,51000,South
TXN015,01-04-2025,Operations,CC1003,105000,101000,65000,70000,South
TXN016,01-04-2025,IT,CC1004,78000,81000,44000,45000,South
TXN017,01-05-2025,Sales,CC1001,140000,138000,80000,79000,South
TXN018,01-05-2025,Marketing,CC1002,90000,95000,52000,60000,South
TXN019,01-05-2025,Operations,CC1003,110000,108000,68000,72000,South
TXN020,01-05-2025,IT,CC1004,80000,79000,45000,46000,South
TXN021,01-06-2025,Sales,CC1001,145000,-150000,82000,85000,South
TXN022,01-06-2025,Marketing,CC1002,92000,88000,54000,50000,South
TXN023,01-06-2025,Operations,CC1003,115000,112000,70000,74000,South
TXN024,01-06-2025,IT,CC1004,82000,85000,47000,49000,South
TXN025,01-07-2025,Sales,CC1001,150000,147000,85000,83000,South
TXN026,01-07-2025,Marketing,CC1002,95000,98000,56000,9999999,South
TXN027,01-07-2025,Operations,CC1003,120000,118000,72000,78000,South
TXN028,01-07-2025,IT,CC1004,85000,83000,48000,50000,South
TXN029,01-08-2025,Sales,CC1001,155000,160000,88000,90000,South
TXN030,01-08-2025,Marketing,CC1002,98000,92000,58000,55000,South
TXN031,01-08-2025,Operations,CC1003,125000,121000,75000,79000,South
TXN032,01-08-2025, IT ,CC1004,88000,90000,50000,52000,South
TXN033,01-09-2025,Sales,CC1001,160000,158000,90000,88000,South
TXN034,01-09-2025,Marketing,CC1002,100000,104000,60000,67000,South
TXN035,01-09-2025,Operations,CC1003,130000,126000,78000,83000,South
TXN036,01-09-2025,IT,CC1004,90000,87000,52000,51000,South
TXN037,01-10-2025,Sales,CC1001,165000,170000,92000,95000,
TXN038,01-10-2025,Marketing,CC1002,102000,99000,62000,60000,South
TXN039,01-10-2025,Operations,CC1003,135000,132000,80000,86000,South
TXN040,01-10-2025,IT,CC1004,92000,95000,54000,57000,South
TXN041,01-11-2025,Sales,CC1001,170000,168000,95000,93000,South
TXN042,01-11-2025,Marketing,CC1002,105000,110000,64000,70000,South
TXN043,01-11-2025,Operations,CC1003,140000,136000,82000,88000,South
TXN044,01-11-2025,IT,CC1004,95000,93000,56000,55000,South
TXN045,01-12-2025,Sales,CC1001,175000,180000,98000,102000,South
TXN046,01-12-2025,Marketing,CC1002,108000,106000,66000,65000,South
TXN047,01-12-2025,Operations,CC1003,145000,150000,85000,95000,South
TXN048,01-12-2025,IT,CC1004,98000,100000,58000,61000,South
TXN005,01-02-2025,Sales,CC1001,125000,130000,72000,75000,South
TXN016,02-04-2025,IT,CC1004,78000,81000,44000,45000,South
TXN032,02-08-2025, IT ,CC1004,88000,90000,50000,52000,South
TXN1001,02-01-2024,Sales,CC1001,120000,115000,70000,68000,South
TXN1002,02-01-2024,Marketing,CC1002,80000,85000,45000,52000,South
TXN1003,02-01-2024,Operations,CC1003,95000,90000,60000,62000,South
TXN1004,02-01-2024,IT,CC1004,70000,72000,40000,39000,South
TXN1005,02-02-2024,Sales,CC1001,121440,116380,70840,68816,South
TXN1006,02-02-2024,Marketing,CC1002,80960,86020,45540,52624,South
TXN1007,02-02-2024,Operations,CC1003,96140,91080,60720,62744,South
TXN1008,02-02-2024,IT,CC1004,70840,85500,40480,39468,South
TXN1009,02-03-2024,Sales,CC1001,122880,117760,71680,69632,South
TXN1010,02-03-2024,Marketing,CC1002,81920,87040,46080,53248,South
TXN1011,02-03-2024,Operations,CC1003,97280,92160,61440,63488,South
TXN1012,02-03-2024,IT,CC1004,71680,73728,40960,39936,South
TXN1013,02-04-2024,Sales,CC1001,124320,119140,72520,70448,South
TXN1014,02-04-2024,Marketing,CC1002,82880,88060,46620,53872,South
TXN1015,02-04-2024,Operations,CC1003,98420,93240,62160,64232,South
TXN1016,02-04-2024,IT,CC1004,72520,74592,41440,40404,South
TXN1017,02-05-2024,Sales,CC1001,125760,120520,73360,71264,South
TXN1018,02-05-2024,Marketing,CC1002,83840,89080,47160,54496,South
TXN1019,02-05-2024,Operations,CC1003,99560,94320,,64976,South
TXN1020,02-05-2024,IT,CC1004,73360,75456,41920,40872,South
TXN1021,02-06-2024,Sales,CC1001,127200,121900,74200,72080,South
TXN1022,02-06-2024,Marketing,CC1002,84800,90100,47700,55120,South
TXN1023,02-06-2024,Operations,CC1003,100700,95400,63600,65720,South
TXN1024,02-06-2024,IT,CC1004,74200,76320,42400,41340,South
TXN1025,02-07-2024,Sales,CC1001,128640,123280,75040,72896,South
TXN1026,02-07-2024,Marketing,CC1002,85760,91120,48240,55744,South
TXN1027,02-07-2024,Operations,CC1003,101840,96480,64320,66464,South
TXN1028,02-07-2024,IT,CC1004,75040,77184,42880,41808,South
TXN1029,02-08-2024,Sales,CC1001,130080,124660,75880,73712,South
TXN1030,02-08-2024,Marketing,CC1002,86720,92140,48780,65000,South
TXN1031,02-08-2024,Operations,CC1003,102980,97560,65040,67208,South
TXN1032,02-08-2024,IT,CC1004,75880,78048,43360,42276,South
TXN1033,02-09-2024,Sales,CC1001,131520,126040,76720,74528,South
TXN1034,02-09-2024,Marketing,CC1002,87680,93160,49320,56992,South
TXN1035,02-09-2024,Operations,CC1003,104120,98640,65760,67952,South
TXN1036,02-09-2024,IT,CC1004,76720,78912,43840,42744,South
TXN1037,02-10-2024,Sales,CC1001,132960,127420,77560,75344,South
TXN1038,02-10-2024,Marketing,CC1002,88640,94180,49860,57616,South
TXN1039,02-10-2024,Operations,CC1003,105260,99720,66480,68696,South
TXN1040,02-10-2024,IT,CC1004,77560,79776,44320,43212,South
TXN1041,02-11-2024,Sales,CC1001,134400,-125000,78400,76160,South
TXN1042,02-11-2024,Marketing,CC1002,89600,95200,50400,58240,South
TXN1043,02-11-2024,Operations,CC1003,106400,100800,67200,69440,South
TXN1044,02-11-2024,IT,CC1004,78400,80640,44800,43680,South
TXN1045,02-12-2024,Sales,CC1001,135840,130180,79240,76976,South
TXN1046,02-12-2024,Marketing,CC1002,90560,96220,50940,58864,South
TXN1047,02-12-2024,Operations,CC1003,107540,101880,67920,70184,South
TXN1048,02-12-2024,IT,CC1004,79240,81504,45280,44148,South
TXN1049,03-01-2025,Sales,CC1001,137280,131560,80080,77792,South
TXN1050,03-01-2025,Marketing,CC1002,91520,97240,51480,59488,South
TXN1051,03-01-2025,Operations,CC1003,108680,102960,68640,70928,South
TXN1052,03-01-2025,IT,CC1004,80080,82368,45760,8888888,South
TXN1053,03-02-2025,Sales,CC1001,138720,132940,80920,78608,South
TXN1054,03-02-2025,Marketing,CC1002,92480,98260,52020,60112,South
TXN1055,03-02-2025,Operations,CC1003,109820,104040,69360,71672,South
TXN1056,03-02-2025,IT,CC1004,80920,83232,46240,45084,South
TXN1057,03-03-2025,Sales,CC1001,140160,134320,81760,79424,South
TXN1058,03-03-2025,Marketing,CC1002,93440,99280,52560,60736,South
TXN1059,03-03-2025,Operations,CC1003,110960,105120,70080,72416,South
TXN1060,03-03-2025,IT,CC1004,81760,84096,46720,45552,South
TXN1061,03-04-2025,Sales,CC1001,141600,135700,82600,80240,South
TXN1062,03-04-2025,Marketing,CC1002,94400,100300,53100,61360,South
TXN1063,03-04-2025, Operations ,CC1003,112100,106200,70800,73160,South
TXN1064,03-04-2025,IT,CC1004,82600,84960,47200,46020,South
TXN1065,03-05-2025,Sales,CC1001,143040,137080,83440,81056,South
TXN1066,03-05-2025,Marketing,CC1002,95360,101320,53640,61984,South
TXN1067,03-05-2025,Operations,CC1003,113240,107280,71520,73904,South
TXN1068,03-05-2025,IT,CC1004,83440,85824,47680,46488,South
TXN1069,03-06-2025,Sales,CC1001,144480,138460,84280,81872,South
TXN1070,03-06-2025,Marketing,CC1002,96320,102340,54180,62608,South
TXN1071,03-06-2025,Operations,CC1003,114380,108360,72240,74648,South
TXN1072,03-06-2025,IT,CC1004,84280,86688,48160,46956,South
TXN1073,03-07-2025,Sales,CC1001,145920,139840,85120,82688,South
TXN1074,03-07-2025,Marketing,CC1002,97280,103360,54720,63232,
TXN1075,03-07-2025,Operations,CC1003,115520,109440,72960,75392,South
TXN1076,03-07-2025,IT,CC1004,85120,87552,48640,47424,South
TXN1077,03-08-2025,Sales,CC1001,147360,141220,85960,83504,South
TXN1078,03-08-2025,Marketing,CC1002,98240,104380,55260,63856,South
TXN1079,03-08-2025,Operations,CC1003,116660,110520,73680,76136,South
TXN1080,03-08-2025,IT,CC1004,85960,88416,49120,47892,South
TXN1081,03-09-2025,Sales,CC1001,148800,142600,86800,84320,South
TXN1082,03-09-2025,Marketing,CC1002,99200,105400,55800,64480,South
TXN1083,03-09-2025,Operations,CC1003,117800,111600,74400,76880,South
TXN1084,03-09-2025,IT,CC1004,86800,89280,49600,48360,South
TXN1085,03-10-2025,Sales,CC1001,142000,143980,87640,85136,South
TXN1086,03-10-2025,Marketing,CC1002,100160,106420,56340,65104,South
TXN1087,03-10-2025,Operations,CC1003,118940,112680,75120,77624,South
TXN1088,03-10-2025,IT,CC1004,87640,90144,50080,48828,South
TXN1089,03-11-2025,Sales,CC1001,151680,145360,88480,85952,South
TXN1090,03-11-2025,Marketing,CC1002,101120,107440,56880,65728,South
TXN1091,03-11-2025,Operations,CC1003,120080,113760,75840,78368,South
TXN1092,03-11-2025,IT,CC1004,88480,91008,50560,49296,South
TXN1093,03-12-2025,Sales,CC1001,153120,146740,89320,86768,South
TXN1094,03-12-2025,Marketing,CC1002,102080,108460,57420,66352,South
TXN1095,03-12-2025,Operations,CC1003,121220,114840,76560,79112,South
TXN1096,03-12-2025,IT,CC1004,89320,91872,51040,61000,South
TXN1004,03-01-2024,IT,CC1004,70000,72000,40000,39000,South
TXN1028,03-07-2024,IT,CC1004,75040,77184,42880,41808,South
TXN1059,03-03-2025,Operations,CC1003,110960,105120,70080,72416,South
TXN1092,03-11-2025,IT,CC1004,88480,91008,50560,49296,South