,Transaction_ID,Trans_Date,Department,Cost_Center,Budget_Revenue,Actual_Revenue,Budget_Expense,Actual_Expense,Region,Revenue_Variance,Expense_Variance,Profit,profit_margin,m_onth
0,TXN001,2025-01-01,Sales,CC1001,120000,115000.0,70000.0,68000.0,South,-5000.0,-2000.0,47000.0,0.40869565217391307,1
1,TXN002,2025-01-01,Marketing,CC1002,80000,85000.0,45000.0,52000.0,South,5000.0,7000.0,33000.0,0.38823529411764707,1
2,TXN003,2025-01-01,Operations,CC1003,95000,99280.0,60000.0,62000.0,South,4280.0,2000.0,37280.0,0.37550362610797744,1
3,TXN004,2025-01-01,IT,CC1004,70000,72000.0,40000.0,39000.0,South,2000.0,-1000.0,33000.0,0.4583333333333333,1
4,TXN005,2025-01-02,Sales,CC1001,125000,130000.0,72000.0,75000.0,South,5000.0,3000.0,55000.0,0.4230769230769231,1
5,TXN006,2025-01-02,Marketing,CC1002,82000,78000.0,46000.0,44000.0,South,-4000.0,-2000.0,34000.0,0.4358974358974359,1
6,TXN007,2025-01-02,Operations,CC1003,98000,102000.0,61000.0,68000.0,South,4000.0,7000.0,34000.0,0.3333333333333333,1
7,TXN008,2025-01-02,IT,CC1004,72000,70000.0,41000.0,43000.0,South,-2000.0,2000.0,27000.0,0.38571428571428573,1
8,TXN009,2025-01-03,Sales,CC1001,130000,128000.0,75000.0,73000.0,South,-2000.0,-2000.0,55000.0,0.4296875,1
9,TXN010,2025-01-03,Marketing,CC1002,85000,90000.0,48000.0,55000.0,South,5000.0,7000.0,35000.0,0.3888888888888889,1
10,TXN011,2025-01-03,Operations,CC1003,100000,97000.0,60000.0,64000.0,South,-3000.0,4000.0,33000.0,0.3402061855670103,1
11,TXN012,2025-01-03,IT,CC1004,75000,76000.0,42000.0,41000.0,South,1000.0,-1000.0,35000.0,0.4605263157894737,1
12,TXN013,2025-01-04,Sales,CC1001,135000,140000.0,78000.0,80000.0,South,5000.0,2000.0,60000.0,0.42857142857142855,1
13,TXN014,2025-01-04,Marketing,CC1002,88000,86000.0,50000.0,51000.0,South,-2000.0,1000.0,35000.0,0.4069767441860465,1
14,TXN015,2025-01-04,Operations,CC1003,105000,101000.0,65000.0,70000.0,South,-4000.0,5000.0,31000.0,0.3069306930693069,1
15,TXN016,2025-01-04,IT,CC1004,78000,81000.0,44000.0,45000.0,South,3000.0,1000.0,36000.0,0.4444444444444444,1
16,TXN017,2025-01-05,Sales,CC1001,140000,138000.0,80000.0,79000.0,South,-2000.0,-1000.0,59000.0,0.427536231884058,1
17,TXN018,2025-01-05,Marketing,CC1002,90000,95000.0,52000.0,60000.0,South,5000.0,8000.0,35000.0,0.3684210526315789,1
18,TXN019,2025-01-05,Operations,CC1003,110000,108000.0,68000.0,72000.0,South,-2000.0,4000.0,36000.0,0.3333333333333333,1
19,TXN020,2025-01-05,IT,CC1004,80000,79000.0,45000.0,46000.0,South,-1000.0,1000.0,33000.0,0.4177215189873418,1
20,TXN021,2025-01-06,Sales,CC1001,145000,99280.0,82000.0,85000.0,South,-45720.0,3000.0,14280.0,0.14383561643835616,1
21,TXN022,2025-01-06,Marketing,CC1002,92000,88000.0,54000.0,50000.0,South,-4000.0,-4000.0,38000.0,0.4318181818181818,1
22,TXN023,2025-01-06,Operations,CC1003,115000,112000.0,70000.0,74000.0,South,-3000.0,4000.0,38000.0,0.3392857142857143,1
23,TXN024,2025-01-06,IT,CC1004,82000,85000.0,47000.0,49000.0,South,3000.0,2000.0,36000.0,0.4235294117647059,1
24,TXN025,2025-01-07,Sales,CC1001,150000,147000.0,85000.0,83000.0,South,-3000.0,-2000.0,64000.0,0.43537414965986393,1
25,TXN026,2025-01-07,Marketing,CC1002,95000,98000.0,56000.0,64728.0,South,3000.0,8728.0,33272.0,0.3395102040816326,1
26,TXN027,2025-01-07,Operations,CC1003,120000,118000.0,72000.0,78000.0,South,-2000.0,6000.0,40000.0,0.3389830508474576,1
27,TXN028,2025-01-07,IT,CC1004,85000,83000.0,48000.0,50000.0,South,-2000.0,2000.0,33000.0,0.39759036144578314,1
28,TXN029,2025-01-08,Sales,CC1001,155000,160000.0,88000.0,90000.0,South,5000.0,2000.0,70000.0,0.4375,1
29,TXN030,2025-01-08,Marketing,CC1002,98000,92000.0,58000.0,55000.0,South,-6000.0,-3000.0,37000.0,0.40217391304347827,1
30,TXN031,2025-01-08,Operations,CC1003,125000,121000.0,75000.0,79000.0,South,-4000.0,4000.0,42000.0,0.34710743801652894,1
31,TXN032,2025-01-08,IT,CC1004,88000,90000.0,50000.0,52000.0,South,2000.0,2000.0,38000.0,0.4222222222222222,1
32,TXN033,2025-01-09,Sales,CC1001,160000,158000.0,90000.0,88000.0,South,-2000.0,-2000.0,70000.0,0.4430379746835443,1
33,TXN034,2025-01-09,Marketing,CC1002,100000,104000.0,60000.0,67000.0,South,4000.0,7000.0,37000.0,0.3557692307692308,1
34,TXN035,2025-01-09,Operations,CC1003,130000,126000.0,78000.0,83000.0,South,-4000.0,5000.0,43000.0,0.3412698412698413,1
35,TXN036,2025-01-09,IT,CC1004,90000,87000.0,52000.0,51000.0,South,-3000.0,-1000.0,36000.0,0.41379310344827586,1
36,TXN037,2025-01-10,Sales,CC1001,165000,170000.0,92000.0,95000.0,South,5000.0,3000.0,75000.0,0.4411764705882353,1
37,TXN038,2025-01-10,Marketing,CC1002,102000,99000.0,62000.0,60000.0,South,-3000.0,-2000.0,39000.0,0.3939393939393939,1
38,TXN039,2025-01-10,Operations,CC1003,135000,132000.0,80000.0,86000.0,South,-3000.0,6000.0,46000.0,0.3484848484848485,1
39,TXN040,2025-01-10,IT,CC1004,92000,95000.0,54000.0,57000.0,South,3000.0,3000.0,38000.0,0.4,1
40,TXN041,2025-01-11,Sales,CC1001,170000,168000.0,95000.0,93000.0,South,-2000.0,-2000.0,75000.0,0.44642857142857145,1
41,TXN042,2025-01-11,Marketing,CC1002,105000,110000.0,64000.0,70000.0,South,5000.0,6000.0,40000.0,0.36363636363636365,1
42,TXN043,2025-01-11,Operations,CC1003,140000,136000.0,82000.0,88000.0,South,-4000.0,6000.0,48000.0,0.35294117647058826,1
43,TXN044,2025-01-11,IT,CC1004,95000,93000.0,56000.0,55000.0,South,-2000.0,-1000.0,38000.0,0.40860215053763443,1
44,TXN045,2025-01-12,Sales,CC1001,175000,180000.0,98000.0,102000.0,South,5000.0,4000.0,78000.0,0.43333333333333335,1
45,TXN046,2025-01-12,Marketing,CC1002,108000,106000.0,66000.0,65000.0,South,-2000.0,-1000.0,41000.0,0.3867924528301887,1
46,TXN047,2025-01-12,Operations,CC1003,145000,150000.0,85000.0,95000.0,South,5000.0,10000.0,55000.0,0.36666666666666664,1
47,TXN048,2025-01-12,IT,CC1004,98000,100000.0,58000.0,61000.0,South,2000.0,3000.0,39000.0,0.39,1
49,TXN016,2025-02-04,IT,CC1004,78000,81000.0,44000.0,45000.0,South,3000.0,1000.0,36000.0,0.4444444444444444,2
50,TXN032,2025-02-08,IT,CC1004,88000,90000.0,50000.0,52000.0,South,2000.0,2000.0,38000.0,0.4222222222222222,2
51,TXN1001,2024-02-01,Sales,CC1001,120000,115000.0,70000.0,68000.0,South,-5000.0,-2000.0,47000.0,0.40869565217391307,2
52,TXN1002,2024-02-01,Marketing,CC1002,80000,85000.0,45000.0,52000.0,South,5000.0,7000.0,33000.0,0.38823529411764707,2
53,TXN1003,2024-02-01,Operations,CC1003,95000,90000.0,60000.0,62000.0,South,-5000.0,2000.0,28000.0,0.3111111111111111,2
54,TXN1004,2024-02-01,IT,CC1004,70000,72000.0,40000.0,39000.0,South,2000.0,-1000.0,33000.0,0.4583333333333333,2
55,TXN1005,2024-02-02,Sales,CC1001,121440,116380.0,70840.0,68816.0,South,-5060.0,-2024.0,47564.0,0.40869565217391307,2
56,TXN1006,2024-02-02,Marketing,CC1002,80960,86020.0,45540.0,52624.0,South,5060.0,7084.0,33396.0,0.38823529411764707,2
57,TXN1007,2024-02-02,Operations,CC1003,96140,91080.0,60720.0,62744.0,South,-5060.0,2024.0,28336.0,0.3111111111111111,2
58,TXN1008,2024-02-02,IT,CC1004,70840,85500.0,40480.0,39468.0,South,14660.0,-1012.0,46032.0,0.5383859649122807,2
59,TXN1009,2024-02-03,Sales,CC1001,122880,117760.0,71680.0,69632.0,South,-5120.0,-2048.0,48128.0,0.40869565217391307,2
60,TXN1010,2024-02-03,Marketing,CC1002,81920,87040.0,46080.0,53248.0,South,5120.0,7168.0,33792.0,0.38823529411764707,2
61,TXN1011,2024-02-03,Operations,CC1003,97280,92160.0,61440.0,63488.0,South,-5120.0,2048.0,28672.0,0.3111111111111111,2
62,TXN1012,2024-02-03,IT,CC1004,71680,73728.0,40960.0,39936.0,South,2048.0,-1024.0,33792.0,0.4583333333333333,2
63,TXN1013,2024-02-04,Sales,CC1001,124320,119140.0,72520.0,70448.0,South,-5180.0,-2072.0,48692.0,0.40869565217391307,2
64,TXN1014,2024-02-04,Marketing,CC1002,82880,88060.0,46620.0,53872.0,South,5180.0,7252.0,34188.0,0.38823529411764707,2
65,TXN1015,2024-02-04,Operations,CC1003,98420,93240.0,62160.0,64232.0,South,-5180.0,2072.0,29008.0,0.3111111111111111,2
66,TXN1016,2024-02-04,IT,CC1004,72520,74592.0,41440.0,40404.0,South,2072.0,-1036.0,34188.0,0.4583333333333333,2
67,TXN1017,2024-02-05,Sales,CC1001,125760,120520.0,73360.0,71264.0,South,-5240.0,-2096.0,49256.0,0.40869565217391307,2
68,TXN1018,2024-02-05,Marketing,CC1002,83840,89080.0,47160.0,54496.0,South,5240.0,7336.0,34584.0,0.38823529411764707,2
69,TXN1019,2024-02-05,Operations,CC1003,99560,94320.0,60000.0,64976.0,South,-5240.0,4976.0,29344.0,0.3111111111111111,2
70,TXN1020,2024-02-05,IT,CC1004,73360,75456.0,41920.0,40872.0,South,2096.0,-1048.0,34584.0,0.4583333333333333,2
71,TXN1021,2024-02-06,Sales,CC1001,127200,121900.0,74200.0,72080.0,South,-5300.0,-2120.0,49820.0,0.40869565217391307,2
72,TXN1022,2024-02-06,Marketing,CC1002,84800,90100.0,47700.0,55120.0,South,5300.0,7420.0,34980.0,0.38823529411764707,2
73,TXN1023,2024-02-06,Operations,CC1003,100700,95400.0,63600.0,65720.0,South,-5300.0,2120.0,29680.0,0.3111111111111111,2
74,TXN1024,2024-02-06,IT,CC1004,74200,76320.0,42400.0,41340.0,South,2120.0,-1060.0,34980.0,0.4583333333333333,2
75,TXN1025,2024-02-07,Sales,CC1001,128640,123280.0,75040.0,72896.0,South,-5360.0,-2144.0,50384.0,0.40869565217391307,2
76,TXN1026,2024-02-07,Marketing,CC1002,85760,91120.0,48240.0,55744.0,South,5360.0,7504.0,35376.0,0.38823529411764707,2
77,TXN1027,2024-02-07,Operations,CC1003,101840,96480.0,64320.0,66464.0,South,-5360.0,2144.0,30016.0,0.3111111111111111,2
78,TXN1028,2024-02-07,IT,CC1004,75040,77184.0,42880.0,41808.0,South,2144.0,-1072.0,35376.0,0.4583333333333333,2
79,TXN1029,2024-02-08,Sales,CC1001,130080,124660.0,75880.0,73712.0,South,-5420.0,-2168.0,50948.0,0.40869565217391307,2
80,TXN1030,2024-02-08,Marketing,CC1002,86720,92140.0,48780.0,65000.0,South,5420.0,16220.0,27140.0,0.29455176904710223,2
81,TXN1031,2024-02-08,Operations,CC1003,102980,97560.0,65040.0,67208.0,South,-5420.0,2168.0,30352.0,0.3111111111111111,2
82,TXN1032,2024-02-08,IT,CC1004,75880,78048.0,43360.0,42276.0,South,2168.0,-1084.0,35772.0,0.4583333333333333,2
83,TXN1033,2024-02-09,Sales,CC1001,131520,126040.0,76720.0,74528.0,South,-5480.0,-2192.0,51512.0,0.40869565217391307,2
84,TXN1034,2024-02-09,Marketing,CC1002,87680,93160.0,49320.0,56992.0,South,5480.0,7672.0,36168.0,0.38823529411764707,2
85,TXN1035,2024-02-09,Operations,CC1003,104120,98640.0,65760.0,67952.0,South,-5480.0,2192.0,30688.0,0.3111111111111111,2
86,TXN1036,2024-02-09,IT,CC1004,76720,78912.0,43840.0,42744.0,South,2192.0,-1096.0,36168.0,0.4583333333333333,2
87,TXN1037,2024-02-10,Sales,CC1001,132960,127420.0,77560.0,75344.0,South,-5540.0,-2216.0,52076.0,0.40869565217391307,2
88,TXN1038,2024-02-10,Marketing,CC1002,88640,94180.0,49860.0,57616.0,South,5540.0,7756.0,36564.0,0.38823529411764707,2
89,TXN1039,2024-02-10,Operations,CC1003,105260,99720.0,66480.0,68696.0,South,-5540.0,2216.0,31024.0,0.3111111111111111,2
90,TXN1040,2024-02-10,IT,CC1004,77560,79776.0,44320.0,43212.0,South,2216.0,-1108.0,36564.0,0.4583333333333333,2
91,TXN1041,2024-02-11,Sales,CC1001,134400,99280.0,78400.0,76160.0,South,-35120.0,-2240.0,23120.0,0.2328767123287671,2
92,TXN1042,2024-02-11,Marketing,CC1002,89600,95200.0,50400.0,58240.0,South,5600.0,7840.0,36960.0,0.38823529411764707,2
93,TXN1043,2024-02-11,Operations,CC1003,106400,100800.0,67200.0,69440.0,South,-5600.0,2240.0,31360.0,0.3111111111111111,2
94,TXN1044,2024-02-11,IT,CC1004,78400,80640.0,44800.0,43680.0,South,2240.0,-1120.0,36960.0,0.4583333333333333,2
95,TXN1045,2024-02-12,Sales,CC1001,135840,130180.0,79240.0,76976.0,South,-5660.0,-2264.0,53204.0,0.40869565217391307,2
96,TXN1046,2024-02-12,Marketing,CC1002,90560,96220.0,50940.0,58864.0,South,5660.0,7924.0,37356.0,0.38823529411764707,2
97,TXN1047,2024-02-12,Operations,CC1003,107540,101880.0,67920.0,70184.0,South,-5660.0,2264.0,31696.0,0.3111111111111111,2
98,TXN1048,2024-02-12,IT,CC1004,79240,81504.0,45280.0,44148.0,South,2264.0,-1132.0,37356.0,0.4583333333333333,2
99,TXN1049,2025-03-01,Sales,CC1001,137280,131560.0,80080.0,77792.0,South,-5720.0,-2288.0,53768.0,0.40869565217391307,3
100,TXN1050,2025-03-01,Marketing,CC1002,91520,97240.0,51480.0,59488.0,South,5720.0,8008.0,37752.0,0.38823529411764707,3
101,TXN1051,2025-03-01,Operations,CC1003,108680,102960.0,68640.0,70928.0,South,-5720.0,2288.0,32032.0,0.3111111111111111,3
102,TXN1052,2025-03-01,IT,CC1004,80080,82368.0,45760.0,64728.0,South,2288.0,18968.0,17640.0,0.21416083916083917,3
103,TXN1053,2025-03-02,Sales,CC1001,138720,132940.0,80920.0,78608.0,South,-5780.0,-2312.0,54332.0,0.40869565217391307,3
104,TXN1054,2025-03-02,Marketing,CC1002,92480,98260.0,52020.0,60112.0,South,5780.0,8092.0,38148.0,0.38823529411764707,3
105,TXN1055,2025-03-02,Operations,CC1003,109820,104040.0,69360.0,71672.0,South,-5780.0,2312.0,32368.0,0.3111111111111111,3
106,TXN1056,2025-03-02,IT,CC1004,80920,83232.0,46240.0,45084.0,South,2312.0,-1156.0,38148.0,0.4583333333333333,3
107,TXN1057,2025-03-03,Sales,CC1001,140160,134320.0,81760.0,79424.0,South,-5840.0,-2336.0,54896.0,0.40869565217391307,3
108,TXN1058,2025-03-03,Marketing,CC1002,93440,99280.0,52560.0,60736.0,South,5840.0,8176.0,38544.0,0.38823529411764707,3
109,TXN1059,2025-03-03,Operations,CC1003,110960,105120.0,70080.0,72416.0,South,-5840.0,2336.0,32704.0,0.3111111111111111,3
110,TXN1060,2025-03-03,IT,CC1004,81760,84096.0,46720.0,45552.0,South,2336.0,-1168.0,38544.0,0.4583333333333333,3
111,TXN1061,2025-03-04,Sales,CC1001,141600,135700.0,82600.0,80240.0,South,-5900.0,-2360.0,55460.0,0.40869565217391307,3
112,TXN1062,2025-03-04,Marketing,CC1002,94400,100300.0,53100.0,61360.0,South,5900.0,8260.0,38940.0,0.38823529411764707,3
113,TXN1063,2025-03-04,Operations,CC1003,112100,106200.0,70800.0,73160.0,South,-5900.0,2360.0,33040.0,0.3111111111111111,3
114,TXN1064,2025-03-04,IT,CC1004,82600,84960.0,47200.0,46020.0,South,2360.0,-1180.0,38940.0,0.4583333333333333,3
115,TXN1065,2025-03-05,Sales,CC1001,143040,137080.0,83440.0,81056.0,South,-5960.0,-2384.0,56024.0,0.40869565217391307,3
116,TXN1066,2025-03-05,Marketing,CC1002,95360,101320.0,53640.0,61984.0,South,5960.0,8344.0,39336.0,0.38823529411764707,3
117,TXN1067,2025-03-05,Operations,CC1003,113240,107280.0,71520.0,73904.0,South,-5960.0,2384.0,33376.0,0.3111111111111111,3
118,TXN1068,2025-03-05,IT,CC1004,83440,85824.0,47680.0,46488.0,South,2384.0,-1192.0,39336.0,0.4583333333333333,3
119,TXN1069,2025-03-06,Sales,CC1001,144480,138460.0,84280.0,81872.0,South,-6020.0,-2408.0,56588.0,0.40869565217391307,3
120,TXN1070,2025-03-06,Marketing,CC1002,96320,102340.0,54180.0,62608.0,South,6020.0,8428.0,39732.0,0.38823529411764707,3
121,TXN1071,2025-03-06,Operations,CC1003,114380,108360.0,72240.0,74648.0,South,-6020.0,2408.0,33712.0,0.3111111111111111,3
122,TXN1072,2025-03-06,IT,CC1004,84280,86688.0,48160.0,46956.0,South,2408.0,-1204.0,39732.0,0.4583333333333333,3
123,TXN1073,2025-03-07,Sales,CC1001,145920,139840.0,85120.0,82688.0,South,-6080.0,-2432.0,57152.0,0.40869565217391307,3
124,TXN1074,2025-03-07,Marketing,CC1002,97280,103360.0,54720.0,63232.0,South,6080.0,8512.0,40128.0,0.38823529411764707,3
125,TXN1075,2025-03-07,Operations,CC1003,115520,109440.0,72960.0,75392.0,South,-6080.0,2432.0,34048.0,0.3111111111111111,3
126,TXN1076,2025-03-07,IT,CC1004,85120,87552.0,48640.0,47424.0,South,2432.0,-1216.0,40128.0,0.4583333333333333,3
127,TXN1077,2025-03-08,Sales,CC1001,147360,141220.0,85960.0,83504.0,South,-6140.0,-2456.0,57716.0,0.40869565217391307,3
128,TXN1078,2025-03-08,Marketing,CC1002,98240,104380.0,55260.0,63856.0,South,6140.0,8596.0,40524.0,0.38823529411764707,3
129,TXN1079,2025-03-08,Operations,CC1003,116660,110520.0,73680.0,76136.0,South,-6140.0,2456.0,34384.0,0.3111111111111111,3
130,TXN1080,2025-03-08,IT,CC1004,85960,88416.0,49120.0,47892.0,South,2456.0,-1228.0,40524.0,0.4583333333333333,3
131,TXN1081,2025-03-09,Sales,CC1001,148800,142600.0,86800.0,84320.0,South,-6200.0,-2480.0,58280.0,0.40869565217391307,3
132,TXN1082,2025-03-09,Marketing,CC1002,99200,105400.0,55800.0,64480.0,South,6200.0,8680.0,40920.0,0.38823529411764707,3
133,TXN1083,2025-03-09,Operations,CC1003,117800,111600.0,74400.0,76880.0,South,-6200.0,2480.0,34720.0,0.3111111111111111,3
134,TXN1084,2025-03-09,IT,CC1004,86800,89280.0,49600.0,48360.0,South,2480.0,-1240.0,40920.0,0.4583333333333333,3
135,TXN1085,2025-03-10,Sales,CC1001,142000,143980.0,87640.0,85136.0,South,1980.0,-2504.0,58844.0,0.40869565217391307,3
136,TXN1086,2025-03-10,Marketing,CC1002,100160,106420.0,56340.0,65104.0,South,6260.0,8764.0,41316.0,0.38823529411764707,3
137,TXN1087,2025-03-10,Operations,CC1003,118940,112680.0,75120.0,77624.0,South,-6260.0,2504.0,35056.0,0.3111111111111111,3
138,TXN1088,2025-03-10,IT,CC1004,87640,90144.0,50080.0,48828.0,South,2504.0,-1252.0,41316.0,0.4583333333333333,3
139,TXN1089,2025-03-11,Sales,CC1001,151680,145360.0,88480.0,85952.0,South,-6320.0,-2528.0,59408.0,0.40869565217391307,3
140,TXN1090,2025-03-11,Marketing,CC1002,101120,107440.0,56880.0,65728.0,South,6320.0,8848.0,41712.0,0.38823529411764707,3
141,TXN1091,2025-03-11,Operations,CC1003,120080,113760.0,75840.0,78368.0,South,-6320.0,2528.0,35392.0,0.3111111111111111,3
142,TXN1092,2025-03-11,IT,CC1004,88480,91008.0,50560.0,49296.0,South,2528.0,-1264.0,41712.0,0.4583333333333333,3
143,TXN1093,2025-03-12,Sales,CC1001,153120,146740.0,89320.0,86768.0,South,-6380.0,-2552.0,59972.0,0.40869565217391307,3
144,TXN1094,2025-03-12,Marketing,CC1002,102080,108460.0,57420.0,66352.0,South,6380.0,8932.0,42108.0,0.38823529411764707,3
145,TXN1095,2025-03-12,Operations,CC1003,121220,114840.0,76560.0,79112.0,South,-6380.0,2552.0,35728.0,0.3111111111111111,3
146,TXN1096,2025-03-12,IT,CC1004,89320,91872.0,51040.0,61000.0,South,2552.0,9960.0,30872.0,0.336032741205155,3
147,TXN1004,2024-03-01,IT,CC1004,70000,72000.0,40000.0,39000.0,South,2000.0,-1000.0,33000.0,0.4583333333333333,3
148,TXN1028,2024-03-07,IT,CC1004,75040,77184.0,42880.0,41808.0,South,2144.0,-1072.0,35376.0,0.4583333333333333,3
